study_hours_per_day,attendance_pct,previous_score,assignments_completed_pct,sleep_hours,future_score
2.6,86.1,67.3,75.3,5.7,74.9
4.7,85.1,82.4,83.7,7.3,94.7
0.5,90.3,76.1,87.5,4.8,63.5
1.7,74.4,73.7,79.3,7.4,70.3
3.5,84.7,62.1,100,7.5,88.8
2.1,71.1,65.9,78.4,7.6,72.7
2.3,68.5,63.8,98.3,5.8,73.6
3.6,62.1,70.6,99.6,4.4,76.8
2.8,70.2,76.0,79.1,5.0,80.6
4.0,91.4,87.3,85.4,6.9,87.6
3.9,72.7,64.6,61.0,5.6,72.5
4.9,55.6,52.5,83.6,8.5,79.2
0.2,49.8,74.3,69.0,5.5,62.7
4.7,81.9,72.9,86.5,8.7,93.8
3.8,86.6,51.2,99.2,7.9,83.1
0.0,72.4,80.1,52.8,6.6,68.4
1.0,99.3,76.6,77.7,7.2,80.6
3.2,93.7,62.1,73.8,8.1,80.3
1.7,91.4,87.6,73.3,5.1,79.9
2.8,76.4,86.9,64.6,8.3,76.4
1.8,87.6,83.5,92.9,7.2,83.8
3.2,86.9,67.9,84.2,7.5,81.9
4.1,86.8,94.1,84.9,6.3,93.7
3.0,91.1,66.0,85.8,9.0,69.9
1.3,82.9,74.8,83.6,6.3,77.4
3.4,73.7,99.2,85.3,6.1,90.6
2.7,79.2,37.3,72.7,8.0,58.3
2.9,91.4,80.3,100,4.8,85.1
2.5,87.5,83.1,39.8,8.1,71.6
4.0,62.1,72.1,97.9,6.6,83.3
4.2,81.7,68.9,100,8.1,86.9
7.1,66.2,81.0,76.0,7.0,100
3.3,87.7,51.7,57.4,7.5,67.2
1.5,62.4,85.2,91.2,8.6,72.3
3.0,66.3,79.2,100,5.7,89.1
4.5,77.9,46.3,100,6.7,75.6
3.6,84.9,88.0,64.7,8.2,96.3
5.2,77.8,61.1,95.3,6.9,87.7
5.1,76.8,42.4,74.2,4.6,78.0
3.5,72.7,69.9,92.5,6.9,87.9
2.9,92.5,87.9,100,6.0,95.5
0.2,67.0,46.4,96.0,5.3,54.8
2.7,79.7,62.9,83.5,8.9,77.1
3.8,92.0,67.6,61.1,6.1,86.6
0.5,72.8,82.1,91.9,6.8,76.5
3.2,65.9,51.2,70.4,7.9,65.4
1.6,70.7,51.6,78.2,5.4,63.4
0,83.9,62.3,50.9,7.7,58.3
0,69.5,73.5,73.1,7.7,67.6
4.0,83.9,86.0,89.9,7.3,82.3
4.3,95.7,66.4,73.0,9.1,79.3
3.7,100,58.9,90.3,9.1,85.4
3.8,90.8,59.1,78.7,7.2,85.1
2.9,77.7,57.8,74.6,7.9,73.6
1.7,69.9,100,97.1,7.6,72.8
3.9,85.8,90.2,86.4,6.7,96.0
0.1,92.4,73.9,69.5,8.4,79.3
0.9,72.0,73.5,82.8,6.3,64.0
6.2,92.4,55.7,59.8,8.8,94.2
5.7,89.7,59.5,83.9,4.2,84.1
2.9,86.3,61.3,78.1,7.4,78.7
4.0,82.5,66.1,91.8,6.9,80.2
2.1,80.0,68.7,82.4,6.8,75.6
2.8,64.9,75.1,95.8,7.3,78.1
3.7,68.4,47.2,80.9,5.7,73.0
1.4,48.5,57.5,100,6.3,54.6
1.9,86.3,76.0,82.7,8.6,83.3
3.0,87.2,89.9,94.6,8.0,86.4
2.8,88.8,66.4,96.0,7.5,86.3
2.7,100,84.9,76.8,6.9,100
2.5,90.5,81.8,80.1,5.4,83.9
3.5,93.6,79.4,80.4,7.8,91.9
3.3,80.7,67.1,90.3,5.5,76.7
3.0,62.4,64.8,49.9,6.0,70.1
3.8,79.3,67.2,58.7,9.0,82.4
4.6,69.4,67.8,52.7,7.7,83.9
0.2,79.4,77.6,53.6,4.6,58.2
2.1,63.2,70.4,83.7,7.6,75.6
5.3,94.0,54.3,72.4,5.5,78.9
2.9,80.1,75.9,56.2,5.3,76.0
2.7,76.3,69.2,68.6,7.6,77.0
2.9,71.9,67.9,39.2,5.6,68.7
0.7,82.4,71.8,59.3,6.5,65.0
3.7,87.3,69.6,67.2,6.6,81.3
4.1,83.5,61.3,59.7,6.4,74.2
1.3,78.6,64.1,81.6,7.4,67.2
6.5,76.1,83.2,81.8,8.1,88.4
1.9,83.0,77.2,100,7.2,87.3
4.1,91.4,76.1,77.7,7.4,83.9
4.8,67.8,73.0,100,6.5,88.0
4.7,80.3,60.3,83.9,7.5,87.5
1.8,100,90.0,80.3,7.1,84.7
5.1,71.5,78.1,72.8,6.0,91.4
5.0,79.9,61.9,92.2,6.7,88.0
5.3,93.6,63.8,100,6.8,97.1
2.0,79.5,49.0,100,8.4,64.1
0.7,60.5,84.1,73.1,6.7,66.7
2.8,66.9,70.3,58.4,6.7,73.1
3.7,77.2,59.2,82.4,6.2,84.8
4.2,78.6,64.3,69.5,5.7,77.5
3.4,86.2,76.8,100,6.0,87.4
7.2,57.6,63.7,82.5,7.0,92.3
2.6,84.4,70.6,91.6,4.5,74.0
3.0,67.6,57.5,89.4,6.0,74.8
4.1,83.7,76.1,78.4,5.1,85.5
3.7,73.6,68.8,91.2,5.7,84.0
5.8,73.3,71.8,77.7,8.6,93.3
4.3,71.7,69.8,79.9,4.7,88.1
4.3,59.0,78.9,78.0,7.3,85.0
0.8,77.5,87.9,71.4,5.6,66.5
1.2,84.0,90.3,86.4,7.1,92.3
2.2,71.9,76.3,88.2,5.6,70.3
3.4,83.0,54.3,77.0,6.1,76.5
2.8,79.0,65.8,95.8,8.5,78.0
4.3,70.9,70.9,91.2,8.6,84.1
2.9,82.4,52.0,80.2,6.0,73.1
1.3,56.3,70.5,83.9,6.1,70.0
2.6,72.7,75.7,56.5,6.0,73.3
4.3,78.0,73.7,70.2,7.2,92.9
2.0,100,62.3,80.3,7.0,81.7
1.1,54.8,77.3,91.9,7.5,82.5
3.3,83.0,81.2,85.5,8.8,81.8
2.4,38.7,79.7,74.4,7.9,80.6
3.0,76.9,64.0,67.4,6.0,76.4
3.1,80.8,67.9,93.7,7.4,80.6
4.0,78.2,56.2,100,7.4,76.2
4.6,84.1,51.2,100,7.2,87.4
3.3,78.2,51.4,94.6,6.8,73.2
3.5,80.9,78.1,74.4,6.8,73.1
2.4,88.1,86.0,74.5,6.7,91.7
2.5,88.8,90.1,80.6,8.3,84.7
3.3,79.1,71.4,96.9,9.7,82.2
2.1,86.0,57.3,87.5,7.5,71.6
3.8,61.4,79.1,56.8,6.0,74.6
2.4,90.3,71.0,74.0,7.5,86.8
3.0,84.4,84.9,84.0,5.3,97.9
6.3,56.2,69.5,86.3,8.0,92.9
2.6,67.4,71.2,95.5,5.5,70.6
3.0,56.8,66.9,73.5,7.3,67.8
1.7,75.3,69.4,70.0,6.8,73.9
4.8,100,60.6,73.7,3.8,94.4
1.9,79.6,76.3,59.6,7.4,73.7
0.3,83.5,84.3,52.0,7.8,71.0
3.7,85.3,85.6,76.6,7.8,87.9
4.1,70.2,68.7,100,7.3,83.5
1.3,70.5,72.3,94.1,7.3,75.0
2.9,96.2,65.3,71.8,7.9,80.6
2.6,73.1,66.9,89.4,7.2,69.9
3.6,82.1,58.0,91.6,6.5,77.2
4.2,95.8,61.7,86.6,5.7,96.7
2.3,94.3,62.2,92.2,9.5,67.5
2.3,86.0,68.9,70.0,9.4,77.8
0.5,90.2,49.3,97.3,6.1,64.7
4.9,81.4,53.3,54.6,8.2,82.2
1.8,90.3,76.0,89.7,4.1,76.3
4.4,88.8,80.6,43.1,7.0,88.8
6.8,68.6,66.0,80.5,7.9,90.3
4.7,70.5,73.2,72.1,7.0,81.0
0.6,93.1,73.6,71.6,7.0,76.7
1.5,78.7,76.5,87.9,6.4,64.8
4.9,83.9,70.2,75.8,7.1,86.0
1.5,71.1,62.8,70.8,5.4,67.8
1.0,87.9,57.8,85.3,8.4,70.1
1.9,80.6,71.8,54.0,6.1,71.2
2.3,81.0,78.8,91.5,7.9,85.1
2.6,79.8,66.7,75.3,6.6,66.3
2.5,79.7,58.3,79.6,7.4,71.5
6.1,48.7,67.5,52.6,8.0,94.2
0,81.5,76.2,75.5,7.5,57.0
4.3,84.5,70.3,71.2,7.6,82.9
3.3,73.9,43.0,79.5,7.0,71.8
1.7,79.6,77.4,82.2,8.3,87.4
1.6,56.9,80.3,100,7.9,78.9
2.1,71.4,80.7,66.3,4.6,68.2
6.7,100,61.8,69.1,7.1,92.2
5.0,79.1,57.0,99.6,6.1,86.0
3.0,76.2,73.9,69.6,4.6,65.2
1.1,70.9,69.7,80.8,7.5,69.3
1.8,71.5,44.6,77.5,7.4,64.0
2.8,77.9,81.2,80.2,7.7,85.7
3.3,95.7,63.1,74.6,5.8,75.9
5.3,100,70.3,88.5,8.2,100
4.8,64.8,62.3,86.8,8.5,83.1
1.7,75.7,62.1,67.1,8.6,65.2
3.0,100,84.2,85.0,6.1,91.9
5.4,87.5,85.1,81.5,7.4,97.4
3.6,95.6,52.8,79.1,7.1,75.9
2.5,89.4,94.0,89.4,7.2,82.6
5.9,80.9,69.6,63.2,6.7,84.0
3.1,85.6,70.4,84.2,5.8,87.9
2.0,58.2,67.7,68.5,5.6,63.6
3.4,65.8,68.3,100,7.6,79.4
3.2,78.6,69.4,91.0,6.7,68.8
3.0,69.3,77.8,70.8,7.0,89.1
1.4,66.5,53.1,44.1,4.5,56.2
2.0,57.6,52.2,89.3,5.9,60.6
3.5,96.3,93.3,95.5,7.0,98.0
5.7,97.1,66.3,86.9,7.1,95.4
2.2,64.1,63.6,56.8,8.3,69.2
1.2,96.7,80.7,51.4,9.0,80.8
6.1,65.2,76.4,86.3,7.0,93.7
4.6,62.1,55.1,59.1,6.1,69.0
3.6,83.2,70.4,69.9,6.3,85.4
4.1,81.2,66.1,100,6.1,88.3
4.7,76.8,79.9,63.3,8.0,89.2
0.6,88.0,59.3,99.2,6.0,67.3
3.4,76.0,73.1,71.7,7.6,80.4
3.3,47.0,83.9,80.5,4.7,76.5
3.7,92.8,57.0,100,6.6,94.9
2.8,88.2,65.6,63.3,8.1,81.4
5.3,90.3,63.1,55.1,6.0,81.4
1.8,87.0,73.9,76.0,7.0,75.7
3.3,89.0,81.5,69.7,5.0,91.3
3.2,93.3,50.3,75.1,6.8,67.3
2.2,88.7,82.9,100,5.8,77.9
3.8,91.3,72.3,60.5,7.7,88.0
3.8,74.2,73.6,91.9,6.1,74.5
3.5,85.8,70.2,93.3,6.1,83.7
2.5,86.9,89.1,76.2,9.3,95.1
4.2,87.0,91.2,77.3,6.7,88.8
3.7,96.1,76.4,86.3,6.6,90.3
0.9,92.6,65.1,63.4,5.9,63.3
4.3,92.7,53.7,93.9,7.9,81.5
0.8,71.1,62.4,85.1,6.4,54.1
3.4,61.6,80.9,61.9,6.0,72.9
2.2,95.6,80.2,89.0,7.2,77.3
2.2,73.4,58.3,87.6,5.9,65.9
1.4,55.3,77.1,100.0,7.0,66.7
0,82.1,84.6,84.5,7.9,80.8
4.7,74.7,82.6,91.6,5.0,88.6
0.9,78.7,76.9,64.0,4.3,74.0
3.6,97.7,54.1,95.9,9.3,94.1
2.7,83.2,68.2,95.0,8.0,81.3
1.0,88.9,64.4,89.4,7.1,79.7
4.7,74.6,74.2,100,6.2,91.6
4.8,95.1,76.2,60.2,5.3,90.4
3.6,100,59.7,97.1,7.7,77.4
1.8,82.0,64.1,77.7,7.4,67.8
3.7,72.4,63.5,88.1,6.1,79.7
5.4,80.3,68.2,91.0,6.4,95.8
1.1,87.4,63.9,68.0,8.9,65.4
5.6,87.9,87.4,65.3,8.2,100
2.8,78.5,99.5,82.7,6.3,86.3
3.7,84.0,72.1,100,6.4,89.0
5.2,68.0,82.5,100,5.2,87.1
1.4,57.8,75.4,52.2,7.4,71.9
0.6,76.2,47.0,91.7,5.9,57.7
3.1,86.5,65.8,80.2,6.1,79.4
1.2,80.8,46.8,72.6,9.1,62.9
1.1,83.1,58.3,55.2,5.9,65.7
3.6,78.8,58.9,63.8,8.4,77.0
1.6,54.7,53.6,100,5.4,61.3
3.3,78.1,66.7,59.4,5.5,82.8
1.9,90.1,49.7,75.9,7.1,73.2
1.3,87.1,74.6,68.9,7.4,69.2
1.8,79.8,37.4,78.4,5.6,51.9
2.4,89.2,65.1,99.0,5.4,71.7
5.3,84.8,81.3,67.6,7.8,95.2
4.0,80.3,84.5,70.3,5.6,79.5
4.7,71.1,57.5,65.9,6.3,70.5
2.6,72.5,63.4,65.6,6.8,68.2
3.2,83.0,74.1,47.2,6.2,72.9
4.2,61.1,61.4,75.6,6.4,80.2
2.3,91.6,52.4,52.8,8.3,70.9
3.7,81.5,75.8,61.8,7.9,80.3
4.5,81.1,46.3,60.7,8.2,74.0
2.4,82.9,64.9,71.8,6.9,74.5
5.3,80.5,92.6,100,8.9,100
3.2,81.6,68.3,69.0,6.7,74.6
5.5,86.4,64.6,51.3,6.7,83.2
1.4,66.4,43.0,88.5,6.7,71.6
3.0,78.2,87.3,82.0,7.0,84.0
2.1,98.0,82.0,100,6.4,87.0
1.7,91.6,53.3,88.5,8.1,78.7
1.6,93.1,61.4,68.6,5.2,75.3
5.5,72.9,60.9,74.9,9.8,91.4
2.2,58.5,61.9,97.8,9.0,69.8
2.0,73.9,47.4,93.6,5.5,70.2
0.4,64.8,73.5,68.5,7.7,63.9
1.2,87.5,80.1,51.3,9.0,76.7
4.1,57.7,61.4,74.8,8.1,67.8
1.7,55.6,67.1,85.2,4.8,62.1
3.8,99.0,78.0,75.4,5.4,84.0
2.0,81.8,69.4,100,7.1,72.5
5.3,91.4,71.2,69.2,4.6,84.1
4.4,70.4,54.2,82.9,7.1,80.2
4.0,96.9,59.9,94.7,5.6,88.3
3.3,82.9,81.6,79.7,8.1,91.0
3.2,73.2,61.0,72.1,6.6,73.1
7.5,87.7,79.2,67.1,5.9,100
3.3,67.6,89.3,71.6,8.1,73.0
3.0,83.3,72.3,89.0,7.1,83.1
0.2,71.4,41.9,89.4,7.2,53.7
1.8,73.0,92.1,100,6.7,90.0
0.6,56.8,64.2,66.9,6.1,58.4
7.5,72.1,70.6,84.1,6.8,100
5.7,65.1,71.9,76.0,7.2,80.2
0.4,52.2,76.3,82.9,6.9,51.5
2.4,70.9,53.0,66.3,7.6,68.5
3.0,86.2,62.8,81.1,6.8,80.5
2.9,78.3,68.4,70.3,9.5,80.7
3.6,100,86.8,56.7,7.6,94.7
5.8,95.8,79.2,62.3,5.8,97.1
3.8,67.7,65.4,74.0,6.9,78.5
2.6,65.2,84.9,100,6.7,87.4
3.7,87.9,75.8,68.6,7.5,90.3
1.7,100,95.1,100,9.2,96.8
2.5,72.8,60.2,81.7,6.8,74.6
0,100,97.3,79.6,7.6,84.3
3.4,77.5,68.5,67.6,7.0,77.7
3.5,69.7,70.5,80.7,7.5,74.2
3.6,91.8,77.2,74.5,6.2,85.0
4.1,98.6,68.1,70.4,7.3,87.8
1.6,71.2,68.8,90.1,5.4,65.3
3.7,65.3,71.3,85.3,6.7,74.6
2.9,76.0,74.0,67.4,8.1,69.9
2.7,80.1,81.5,70.9,7.5,78.6
4.1,100,65.2,86.6,5.7,91.9
4.8,80.4,56.4,86.0,8.2,89.2
4.2,58.0,61.8,100,5.3,83.0
5.8,89.1,83.4,75.0,5.3,96.7
2.7,79.4,78.4,77.8,7.0,82.8
3.0,100,75.3,81.3,6.6,83.0
5.0,81.8,57.1,71.6,6.6,79.6
4.6,66.1,75.9,82.2,5.4,84.5
2.9,86.0,64.6,84.5,4.8,71.5
4.2,92.5,69.8,71.0,8.1,76.6
1.8,88.1,77.8,64.5,4.5,81.8
3.2,69.2,70.7,93.5,3.7,82.5
4.1,55.0,79.3,53.3,8.2,80.5
6.4,72.7,70.1,95.7,6.0,90.6
2.4,79.1,57.0,87.3,7.5,72.8
5.6,76.1,85.7,71.8,7.7,85.8
3.3,77.9,64.1,70.8,6.4,72.1
0,72.8,63.4,72.1,5.5,58.1
4.2,77.0,64.1,100,8.0,89.8
4.7,76.1,68.4,96.7,6.1,86.3
3.6,84.5,66.7,94.8,6.6,87.1
4.6,87.9,78.8,62.6,5.2,84.7
3.7,98.0,55.3,84.6,5.8,76.9
2.6,88.3,72.6,97.7,5.6,86.4
4.4,80.8,75.7,71.6,5.5,83.4
2.0,100,64.2,100,7.0,81.8
4.1,70.7,81.0,85.6,5.0,88.4
3.8,85.4,89.0,73.8,7.4,94.8
1.6,94.4,52.6,60.5,7.4,61.4
2.8,60.3,70.8,63.0,7.2,63.5
3.7,76.8,70.8,79.0,7.0,75.0
0,80.4,58.8,73.2,7.3,50.5
1.9,72.7,57.3,84.9,6.6,63.6
1.5,89.7,62.1,88.8,7.3,63.7
1.4,80.0,74.1,91.7,7.8,81.1
2.4,77.5,79.3,73.6,8.1,71.5
4.0,77.9,46.4,94.7,7.2,76.1
1.4,74.4,88.1,67.6,3,68.4
1.2,78.4,65.3,66.3,5.8,70.9
0.8,100,63.5,63.6,7.7,72.5
1.4,89.0,47.9,66.1,8.2,62.9
1.0,86.2,81.0,79.7,4.6,72.4
3.6,89.2,92.2,76.2,6.2,91.6
4.8,68.7,85.7,38.8,7.8,81.7
3.7,88.3,55.8,78.7,7.1,81.5
1.6,68.1,46.9,100,6.6,62.2
0.8,91.2,63.6,100,7.8,73.2
4.1,66.7,66.1,71.4,5.3,76.6
2.8,97.2,30,69.9,5.7,61.6
3.6,84.8,70.3,72.9,7.4,84.2
0.2,76.9,53.5,62.3,7.0,56.8
3.2,69.5,67.6,66.3,7.3,78.0
5.6,95.2,60.3,73.1,5.7,90.2
6.0,88.5,43.6,61.1,5.2,82.5
3.0,83.6,91.4,67.6,5.8,95.6
3.5,70.7,45.7,57.1,3.9,63.7
3.1,91.9,68.3,69.6,5.9,88.9
0.4,82.1,70.3,89.3,6.3,71.4
4.2,78.2,64.5,77.2,5.6,79.3
2.5,82.5,86.0,99.6,6.3,89.3
3.4,89.1,70.3,84.0,6.2,79.3
4.3,95.6,77.9,86.5,7.1,90.8
0.3,88.0,72.4,71.7,5.6,73.9
0.3,100,77.7,100,5.9,77.0
2.2,81.9,67.5,68.8,8.1,70.3
2.2,86.7,63.5,73.5,7.2,71.9
1.1,78.8,67.4,100,5.5,75.9
1.8,75.7,66.1,84.1,7.8,81.1
2.0,96.0,81.9,92.2,5.9,88.8
2.8,84.2,66.8,90.0,8.1,86.0
2.7,91.9,87.4,66.0,8.6,80.2
3.8,87.1,87.8,84.2,6.2,87.6
1.1,89.2,67.2,69.2,7.4,66.6
2.3,74.5,89.9,100,6.6,77.4
3.4,80.9,74.2,88.5,6.4,88.2
4.3,82.5,65.1,72.8,7.6,77.5
2.8,71.0,53.3,89.1,6.8,70.7
4.3,62.1,69.2,84.3,7.8,76.0
4.1,82.6,86.3,97.1,7.5,100
3.0,74.9,65.9,65.9,6.8,64.5
2.9,85.1,81.9,74.8,8.5,81.8
2.8,57.5,60.9,68.1,8.6,71.0
1.4,86.3,75.6,76.6,6.8,73.6
2.2,59.2,68.9,98.8,8.5,72.5
1.9,77.5,80.5,85.1,6.1,79.5
2.7,86.0,65.2,58.5,6.9,77.7
1.4,78.7,80.3,74.5,6.0,84.0
4.2,92.0,58.9,100,4.9,81.9
4.1,95.5,59.1,70.3,7.0,72.7
3.9,86.5,64.8,87.8,7.7,85.9
3.8,97.6,64.4,82.4,6.2,89.6
2.4,85.5,71.6,81.0,8.8,79.6
5.1,89.6,85.3,77.6,7.9,100
2.1,83.1,68.5,79.5,8.3,72.7
0.6,59.8,64.8,70.7,6.8,62.3
5.5,83.6,75.4,69.4,7.5,98.8
4.9,57.4,80.3,100,7.8,82.6
2.6,86.8,74.8,68.3,5.8,82.9
1.1,96.6,70.2,84.3,5.3,71.2
4.0,63.0,93.9,59.7,5.4,84.8
3.7,88.5,65.7,77.0,6.5,79.0
0,91.1,72.9,82.3,6.1,70.4
3.0,79.1,82.7,55.2,7.1,75.2
2.5,97.3,57.5,78.6,6.1,79.8
1.6,60.6,75.9,74.9,6.4,74.3
1.7,75.7,71.7,86.0,6.2,78.1
6.2,75.3,91.5,49.6,8.4,95.8
3.2,76.1,62.7,61.6,6.3,79.0
4.6,76.0,63.9,69.9,5.4,88.7
4.0,81.4,64.3,65.3,8.3,84.3
1.6,91.4,57.2,89.2,5.7,68.9
3.7,85.0,81.7,67.9,8.6,94.1
3.0,85.4,61.0,77.8,5.3,75.6
3.3,95.5,80.9,91.7,6.4,88.9
2.5,82.6,47.8,91.1,5.0,66.2
3.0,74.1,89.2,78.6,8.6,92.0
2.3,84.6,85.0,75.2,6.9,79.6
3.1,75.9,71.0,94.4,8.4,82.8
3.3,89.9,66.7,64.8,8.1,75.7
4.3,68.9,91.1,65.0,7.8,96.2
1.6,97.1,60.5,54.6,7.6,73.3
2.7,50.9,69.4,75.6,6.4,67.7
0.4,73.5,90.7,100,6.4,73.2
3.6,92.2,78.3,63.2,7.0,86.3
5.1,93.8,76.0,97.5,6.3,100
2.4,84.6,80.6,66.8,6.0,70.6
3.2,79.4,66.2,87.2,4.4,77.2
3.1,76.9,79.1,100,6.3,80.3
2.1,81.1,76.8,67.6,8.0,72.1
4.2,84.9,75.3,100,6.5,89.7
3.7,89.9,54.6,84.0,5.9,81.3
5.0,80.6,68.8,82.6,3.4,89.0
3.8,81.9,65.4,69.5,6.6,85.3
2.9,95.5,40.4,73.4,7.1,69.7
0.6,72.3,84.4,61.4,5.7,63.0
2.2,87.4,76.8,50.8,8.5,74.0
2.2,99.2,69.1,62.1,6.1,73.0
1.5,76.2,80.1,85.0,5.2,88.1
1.6,81.3,70.4,91.0,6.4,76.6
6.0,81.1,57.5,84.7,5.9,85.9
3.3,83.9,66.7,92.2,6.6,75.4
4.3,75.8,84.0,70.6,7.5,90.0
0,62.8,57.1,100,4.6,61.6
4.6,85.7,77.8,72.9,6.8,90.7
3.6,88.1,67.6,69.9,6.2,82.7
0.6,65.6,65.3,72.0,6.5,48.4
2.5,77.1,78.9,51.5,6.4,77.2
3.7,93.8,82.2,64.9,7.5,87.1
1.8,97.7,62.7,67.7,6.3,68.7
4.5,84.4,86.2,85.9,6.1,98.6
2.1,74.7,68.1,80.6,8.2,71.1
3.5,79.7,55.5,64.2,6.5,74.7
3.5,85.5,70.6,73.5,7.3,77.4
1.1,76.2,53.5,72.6,5.9,58.3
2.9,70.7,65.1,55.3,7.0,66.4
3.6,47.3,60.7,83.5,4.0,66.3
3.1,81.2,52.7,83.3,7.0,68.7
4.1,79.4,70.2,73.5,7.4,83.8
4.6,85.2,62.9,76.8,7.9,83.2
3.6,86.0,67.9,46.3,7.0,78.4
3.2,71.2,84.0,78.0,6.1,78.9
3.5,67.3,58.4,100,8.3,82.7
5.0,86.9,50.4,97.3,8.2,87.9
0.2,94.4,85.9,72.9,6.9,79.1
2.9,92.8,70.9,90.0,6.9,76.5
1.6,100,73.2,99.0,8.1,91.1
3.8,73.1,70.2,52.1,6.6,80.9
0,82.3,79.6,99.3,5.7,68.7
0.3,68.1,76.2,100,5.5,74.9
3.6,74.2,95.6,43.3,6.7,85.9
6.1,100,96.4,82.0,7.9,100
3.7,84.2,67.9,74.1,5.4,89.8
2.3,55.7,73.1,79.5,7.0,79.9
2.8,76.9,61.3,79.7,6.3,74.3
7.6,84.6,60.0,100,7.8,100
4.0,89.6,77.9,100,8.0,99.5
2.3,80.0,61.5,94.0,7.8,73.0
3.9,100,84.4,63.7,6.7,94.3
2.9,84.5,83.8,84.8,5.5,88.3
2.9,81.3,63.4,59.8,5.3,70.2
1.4,48.3,83.4,63.0,6.0,68.6
0,95.7,61.0,89.6,6.2,68.2
3.2,80.0,48.6,58.5,6.8,74.9
2.2,86.2,71.9,87.1,8.0,72.4
3.4,77.9,66.3,67.5,5.9,71.1
1.4,100,89.9,80.1,7.7,80.7
0,58.7,71.7,100,6.8,58.9
2.6,68.3,53.7,76.6,6.3,62.8
1.7,69.1,72.8,100,6.6,85.2
0.6,83.2,56.5,77.6,6.9,66.0
4.7,73.5,55.5,77.2,7.1,75.6
4.3,99.7,53.4,85.3,8.0,75.5
3.3,77.4,53.4,99.2,7.1,73.8
3.6,87.5,79.0,88.5,7.3,83.1
2.4,81.5,37.6,100,6.4,61.2
0.3,82.9,70.4,71.5,6.3,61.7
1.9,78.9,62.5,89.9,6.6,72.7
3.6,94.9,77.0,83.3,6.6,84.6
2.5,88.0,72.6,74.3,5.2,70.1
3.5,92.0,74.4,59.9,6.6,83.9
1.7,84.1,67.7,67.8,5.3,74.1
3.5,69.6,58.1,93.0,7.5,74.9
5.3,76.6,57.7,96.0,6.6,87.4
3.1,68.3,56.1,77.2,8.4,66.9
5.0,82.6,57.0,83.9,7.5,80.2
0,84.2,57.0,86.4,4.6,59.8
1.8,62.7,67.2,82.5,6.1,62.2
3.3,59.6,76.2,87.2,8.8,84.6
3.5,83.1,70.3,60.7,8.5,83.1
2.6,66.6,87.3,87.8,5.4,84.0
5.8,79.7,74.7,73.9,6.1,97.1
7.5,81.4,68.6,91.6,6.4,100
4.2,68.2,57.5,78.9,7.8,78.4
4.8,64.0,75.7,70.9,6.9,85.6
1.6,77.3,56.4,83.9,5.8,63.9
3.3,72.4,83.4,70.7,7.8,84.5
1.5,77.5,60.3,74.7,6.5,75.5
2.4,98.3,75.2,61.0,4.1,81.2
0.1,88.4,82.0,85.7,6.6,72.3
3.4,76.5,63.8,74.6,8.2,74.7
3.6,66.6,61.7,60.0,6.6,75.1
3.4,74.3,77.1,75.0,7.2,83.0
3.8,51.2,54.9,91.2,6.7,81.8
2.7,73.6,87.3,88.1,9.0,88.4
2.7,88.4,60.9,73.5,6.2,73.5
4.1,74.4,73.7,72.8,7.8,70.4
2.7,82.0,57.5,94.7,7.1,81.7
4.4,87.4,68.3,64.2,6.5,81.6
3.4,74.6,100,56.8,8.2,86.8
2.6,90.7,70.0,62.4,7.3,76.6
0.0,82.3,57.8,69.2,7.4,61.4
2.6,100,74.9,71.1,7.1,82.4
0,61.7,53.9,100,6.6,55.9
2.2,91.4,70.3,100,7.7,90.0
2.8,84.3,65.0,77.6,4.8,72.4
1.6,72.5,84.1,83.8,8.2,82.2
4.3,91.6,63.0,91.6,6.4,83.8
4.7,100,58.7,100,7.8,86.8
3.4,84.3,74.3,74.8,5.3,81.7
4.2,89.1,77.6,95.9,5.7,91.0
3.5,91.6,71.8,87.5,7.0,96.2
0,79.7,98.6,83.4,4.7,76.3
0.9,72.1,72.6,100,7.3,75.2
4.5,82.3,60.1,78.6,7.2,81.1
2.0,75.9,52.6,65.2,6.7,62.4
3.1,96.2,73.5,79.5,5.4,78.5
3.5,69.9,75.0,64.5,7.0,78.1
4.4,75.5,65.7,83.5,6.9,91.1
2.6,73.8,66.3,86.8,7.1,78.7
1.0,100,91.2,79.5,5.4,83.0
3.6,54.2,70.2,58.7,7.3,79.1
4.5,62.6,86.0,93.1,6.4,91.8
5.2,76.2,69.8,71.9,8.1,77.3
5.0,68.8,80.7,56.5,5.7,82.1
4.2,61.3,77.0,70.8,8.2,80.7
3.7,78.0,90.7,74.8,6.8,98.6
3.1,87.9,61.5,82.9,4.2,76.8
2.1,62.6,53.6,96.5,7.3,59.6
5.6,72.0,65.7,83.6,5.5,78.6
1.9,93.6,81.0,57.2,8.2,79.7
3.7,80.6,74.8,65.6,5.8,77.8
2.5,87.2,56.0,100,6.1,72.5
4.0,85.0,66.1,64.6,5.6,72.2
4.7,92.5,91.6,87.2,7.2,100
4.4,77.0,74.1,100,4.8,80.8
1.6,88.7,83.7,75.1,7.6,80.0
3.4,73.8,69.7,79.9,8.1,90.8
0.4,86.2,69.9,94.0,8.0,75.6
4.2,69.0,50.3,100,8.2,73.2
4.9,87.7,41.6,93.0,5.7,84.7
2.0,71.4,52.1,76.9,8.0,62.4
0.3,100,91.3,90.0,6.2,75.5
0.6,86.5,85.0,64.7,6.8,72.1
2.6,85.8,94.2,70.8,7.8,92.9
2.6,78.3,54.5,95.6,6.2,69.2
3.1,70.1,57.9,75.7,8.5,71.8
3.8,63.0,47.5,100,6.3,64.5
2.8,87.0,50.0,67.2,7.1,65.7
4.2,91.1,75.1,73.8,6.7,85.1
2.8,83.7,66.5,94.1,9.8,79.4
3.5,89.5,77.5,76.6,6.2,90.4
3.9,85.9,60.7,89.1,7.7,81.9
3.9,100,48.2,88.8,5.4,72.9
2.7,86.3,70.6,63.1,5.1,72.8
3.0,70.4,52.6,100,5.8,71.0
2.2,73.2,70.5,75.7,7.5,68.0
0.8,100,69.1,91.1,8.2,79.1
3.1,61.9,51.4,94.2,7.6,73.0
0.6,55.2,57.7,62.8,7.0,49.7
5.3,72.8,63.5,92.6,7.2,82.7
4.2,100,55.7,76.4,5.5,72.6
3.9,88.1,81.3,86.2,4.5,88.5
2.0,66.3,57.1,91.1,6.5,76.8
3.7,57.8,80.4,98.2,6.8,77.5
5.6,64.7,69.0,52.2,5.3,72.8
4.6,93.8,65.3,60.2,6.7,86.5
0.8,66.5,68.8,90.3,6.9,69.0
1.2,50.9,73.6,66.6,6.7,61.1
3.7,71.0,86.9,80.5,7.4,90.2
4.5,84.7,49.5,70.8,9.0,81.4
3.8,85.5,62.5,70.1,6.0,84.4
3.5,100,75.8,100,7.3,86.1
5.6,84.0,84.0,83.2,6.4,98.2
1.4,66.0,59.6,72.3,5.2,61.1
3.4,100,91.7,79.3,7.8,94.0
3.6,79.6,63.6,81.1,5.1,79.9
2.6,67.2,65.8,88.2,6.0,75.2
3.8,98.4,57.2,78.4,7.4,89.6
3.4,88.9,52.7,71.4,8.8,75.0
6.2,71.4,66.7,56.4,7.6,88.3
6.0,82.0,67.0,59.2,6.7,93.2
4.1,94.5,80.2,79.3,7.5,92.9
1.0,100,74.4,64.4,7.3,76.2
4.5,97.1,33.9,88.2,8.6,73.5
0.2,83.3,74.0,85.2,5.5,66.2
3.3,88.8,96.0,84.4,6.1,81.3
4.6,78.4,68.7,65.3,7.7,74.9
3.2,81.4,73.6,99.4,6.7,84.9
4.3,61.6,66.5,81.0,7.9,75.9
4.2,84.6,52.3,58.0,5.1,74.4
3.3,88.6,79.8,71.8,8.1,90.2
3.7,85.7,54.7,85.4,5.6,71.3
2.5,81.7,69.4,75.1,5.6,76.1
1.9,63.2,71.1,100,6.3,67.6
5.1,100,66.5,76.9,7.1,100
3.2,91.9,75.3,52.8,5.5,73.7
3.6,81.3,91.4,76.0,7.2,90.6
3.2,100,73.4,100,8.4,87.5
4.0,75.4,71.3,82.4,6.8,80.8
5.3,76.8,78.4,100,7.5,100
5.1,93.0,90.6,58.6,9.1,98.6
0.4,72.3,53.3,79.7,5.0,52.1
3.4,81.9,60.5,76.5,6.7,77.2
3.0,77.4,80.5,56.0,6.2,79.1
2.4,73.4,64.8,83.1,8.3,73.2
2.6,84.3,67.1,51.0,7.1,71.1
2.1,87.5,70.5,71.5,4.2,65.0
3.0,78.6,75.3,83.3,6.2,74.4
1.4,78.3,56.2,91.3,5.2,57.3
2.7,58.7,89.5,65.1,6.7,76.5
1.8,58.8,47.7,93.0,8.0,73.0
0.8,86.7,69.8,92.7,6.2,75.7
4.3,87.3,87.4,77.4,8.7,91.2
5.5,47.0,70.2,68.0,6.8,85.4
4.1,81.1,90.4,57.9,5.8,95.8
3.5,55.1,74.1,62.2,8.6,81.1
2.2,95.5,60.0,93.8,7.5,77.2
0.9,76.6,42.5,71.5,4.6,60.7
1.6,50.8,77.0,85.5,6.2,79.1
4.2,80.8,62.3,35.7,7.4,80.1
2.1,63.0,69.5,54.9,6.8,70.5
5.3,83.2,72.4,91.2,8.5,92.5
1.2,70.5,54.9,66.7,6.7,62.1
3.2,80.8,65.7,86.4,7.9,84.0
5.2,76.5,67.0,100,7.0,92.0
2.5,91.6,65.2,64.9,6.7,73.1
4.3,75.5,71.5,76.7,7.2,80.9
4.7,62.9,65.4,69.4,7.6,79.7
3.7,76.0,61.4,63.2,6.4,72.1
3.4,84.3,81.7,78.4,5.9,80.2
3.1,84.3,93.4,82.7,8.9,100
1.4,94.5,83.6,100,6.8,88.6
2.3,79.2,70.2,100,6.5,83.2
3.1,71.5,72.9,89.9,5.9,82.4
1.9,69.5,72.6,76.5,5.6,62.8
3.0,82.9,64.5,82.8,5.0,78.4
3.6,83.3,62.6,81.2,7.0,85.2
3.4,83.0,61.3,92.9,8.2,78.6
4.0,83.7,69.4,60.7,8.9,73.6
3.5,75.5,83.7,73.7,6.8,87.7
3.7,73.8,78.2,85.9,8.0,83.1
2.9,75.3,60.0,83.8,7.3,81.4
2.5,84.6,83.7,78.3,6.9,83.8
2.0,68.2,83.4,82.6,6.7,71.0
3.2,94.0,56.2,66.7,8.1,84.0
5.3,73.4,77.2,68.8,7.4,87.5
3.3,96.0,74.0,76.4,6.9,86.8
2.2,82.5,77.2,100,4.3,73.9
1.2,90.5,99.1,82.9,6.9,91.3
0,77.9,32.8,82.3,6.2,47.5
3.5,73.0,83.3,80.0,7.3,97.8
2.3,91.0,60.1,98.6,7.9,78.9
4.5,99.2,86.4,80.0,6.7,100
0.8,72.8,75.8,88.5,9.0,81.3
3.5,85.3,54.3,77.2,7.1,74.9
3.1,87.2,58.7,71.6,4.7,79.4
1.4,59.8,79.2,76.8,7.9,68.9
6.2,88.5,71.8,81.7,6.6,100
6.0,75.0,57.1,88.9,8.1,81.0
2.0,68.2,76.7,87.5,5.9,69.0
4.0,55.6,77.6,77.7,9.1,86.8
2.1,76.8,66.7,69.2,6.9,76.0
0.8,77.3,87.7,91.0,5.8,72.3
1.7,61.0,83.6,81.0,6.0,66.2
2.4,73.9,90.3,73.2,6.9,87.2
4.0,77.9,44.2,100,7.5,74.0
2.9,68.7,59.4,58.1,7.4,71.2
3.3,89.2,76.3,81.8,5.8,87.5
4.8,87.4,84.7,73.0,5.6,98.9
2.1,82.9,67.8,80.3,6.5,71.9
0.4,100,72.4,51.7,5.7,62.5
1.9,50.0,76.8,100,6.5,75.6
3.9,65.3,84.3,55.2,6.1,79.0
4.8,81.4,68.5,68.2,6.9,85.3
4.1,96.4,78.7,80.3,6.6,99.2
3.3,79.8,91.1,100,7.5,91.7
2.1,92.5,64.7,94.1,5.9,77.8
3.6,81.7,72.7,85.6,5.5,77.5
2.8,100,68.5,66.4,6.0,79.9
4.7,73.4,76.6,82.7,6.4,83.0
2.8,71.5,76.3,54.2,8.1,79.3
3.8,97.6,77.1,55.0,6.9,88.3
2.0,66.7,75.1,87.5,6.3,72.7
2.3,73.4,69.3,95.7,4.9,73.0
5.4,83.7,71.8,92.2,5.6,86.4
0.6,62.9,72.9,92.4,6.3,63.2
3.6,87.2,73.0,52.2,6.2,67.6
3.4,70.1,62.3,100,8.3,81.7
3.4,82.0,63.2,79.3,9.0,75.9
2.0,81.9,80.4,92.2,5.7,79.4
2.6,65.6,70.9,73.0,7.9,75.8
1.9,80.9,65.8,70.7,6.2,75.8
2.4,60.0,61.0,91.8,9.3,66.3
2.5,76.2,53.6,85.9,6.7,71.3
6.3,76.9,79.3,92.2,6.1,95.1
5.3,88.3,71.7,64.0,7.8,93.0
6.2,97.2,79.4,83.9,6.9,99.4
3.5,82.9,77.6,95.8,7.2,85.0
4.2,98.1,60.3,86.1,7.4,89.0
3.7,78.9,68.8,100,8.8,79.1
0,85.1,62.1,72.5,4.9,62.6
2.9,73.7,80.5,100,8.5,91.2
2.4,87.7,69.6,96.9,7.5,80.9
3.8,71.6,79.2,100,6.4,89.5
0.6,90.9,80.2,65.1,8.8,74.9
0.5,64.0,80.2,76.0,8.1,60.7
2.9,91.4,62.1,89.9,6.4,81.0
3.5,100,55.6,91.4,8.3,77.9
3.1,100,82.2,36.8,6.5,74.2
3.4,71.5,63.5,67.8,7.1,72.2
1.7,77.4,74.7,67.5,8.1,65.4
3.6,75.5,88.3,70.6,6.0,79.3
5.9,87.2,57.4,75.1,5.7,94.5
3.6,56.3,72.4,93.3,6.8,81.0
2.8,82.4,72.5,69.7,7.2,79.2
2.9,72.0,58.2,83.6,7.8,61.4
2.2,95.8,80.7,69.6,8.4,78.5
1.8,100,64.9,76.8,4.9,69.6
1.3,78.4,48.6,95.5,6.4,61.4
2.1,88.7,87.9,74.1,8.7,92.7
5.0,83.5,52.6,89.8,6.3,83.9
0.3,76.7,72.7,66.3,7.1,73.4
3.3,72.0,97.8,48.6,5.7,85.8
2.1,53.2,73.0,92.1,5.9,77.6
3.7,93.9,52.2,80.0,8.7,89.8
4.9,80.0,72.1,70.8,8.1,84.6
3.2,55.9,52.4,100,6.9,70.9
0,79.6,94.2,58.1,4.0,68.7
2.2,77.5,55.3,60.2,5.4,67.9
2.9,89.6,57.4,88.6,6.3,77.2
4.4,80.4,65.9,55.6,6.9,83.9
2.1,79.2,49.3,60.4,7.3,70.2
2.5,60.4,65.5,57.0,6.5,75.7
3.4,78.2,82.2,74.4,7.2,85.6
3.7,62.7,78.4,93.0,4.1,67.6
1.7,97.6,70.2,90.0,7.5,84.0
2.1,73.1,74.4,89.0,7.5,78.5
2.3,93.0,75.6,95.7,3.8,86.2
0,82.5,62.2,81.8,6.2,61.2
3.3,84.1,60.6,42.6,5.9,73.9
1.8,85.1,65.6,66.1,8.2,80.3
2.8,79.4,81.3,60.4,5.8,84.3
4.3,74.2,60.8,85.2,5.1,76.6
2.7,50.8,77.0,91.3,8.1,68.7
1.1,70.3,54.5,100,5.6,62.3
3.3,85.4,87.2,63.8,7.8,87.6
1.3,81.8,53.3,100,5.9,72.3
4.9,72.6,59.3,81.9,5.6,85.1
3.3,70.9,61.8,90.8,5.1,83.4
1.8,77.7,59.0,100,7.8,78.8
4.0,81.1,90.2,89.9,7.3,96.5
4.1,83.3,68.0,56.2,9.3,75.9
0,71.5,93.1,98.2,6.1,76.0
3.0,56.3,66.0,84.4,8.2,67.2
0,61.2,74.0,81.2,7.0,63.4
2.5,63.7,75.4,85.8,7.5,82.4
1.1,52.0,48.6,100,5.7,58.9
3.0,88.7,100,72.3,6.6,88.8
3.4,86.2,58.4,99.7,8.2,83.9
2.8,77.2,50.3,89.8,5.6,67.5
4.5,69.0,63.7,92.9,9.0,80.7
4.7,72.2,74.7,87.3,5.4,91.6
5.7,80.6,73.2,62.4,8.9,91.9
1.1,89.2,52.5,69.7,4.2,68.9
6.3,72.4,62.2,71.3,6.1,89.7
5.2,67.9,75.3,53.0,8.6,84.9
1.9,98.4,68.7,100,8.1,90.4
1.8,80.7,74.4,77.1,8.6,72.9
4.5,96.4,46.6,65.5,5.7,74.6
3.6,77.9,70.9,73.1,6.7,82.8
4.1,70.6,68.6,68.6,6.6,71.9
4.4,88.1,68.5,69.7,6.3,81.4
0.7,99.6,100,61.6,5.4,84.5
3.9,61.1,46.9,88.1,4.4,75.4
2.3,81.0,70.0,71.6,6.6,73.1
4.9,78.9,69.6,72.1,6.0,81.5
3.0,100,83.4,83.5,8.8,96.5
3.3,78.0,56.8,83.7,6.4,66.8
1.1,100,72.6,87.5,7.0,75.4
3.7,93.0,66.3,87.7,8.0,83.6
3.3,71.1,77.2,74.5,8.2,77.4
5.5,76.3,59.9,66.4,7.6,79.5
5.7,95.4,76.2,58.7,6.8,90.6
0.3,85.1,96.4,72.0,7.8,84.6
1.6,75.9,73.2,87.1,5.4,73.9
2.8,91.4,50.8,71.5,6.2,69.9
4.1,72.5,100,69.4,7.8,98.3
4.4,77.6,60.0,76.2,7.6,81.3
3.9,86.9,59.4,66.0,8.5,77.3
0.6,100,60.0,66.0,8.0,62.3
1.7,92.6,60.2,100,6.9,88.8
3.2,80.7,62.3,76.7,6.2,75.8
4.2,64.7,59.0,48.6,8.6,72.5
3.0,79.3,82.1,84.8,7.8,84.3
2.8,79.3,47.7,96.3,4.9,64.9
4.0,80.7,79.8,100,9.0,99.2
2.7,100,59.4,78.7,8.0,78.0
2.8,75.8,86.4,43.0,8.3,84.5
2.9,86.7,58.4,96.6,10,76.0
5.1,79.3,65.9,72.7,6.6,79.1
1.0,99.9,69.8,88.3,7.2,78.8
0.7,68.6,77.6,95.0,5.4,67.0
1.4,87.8,74.1,80.5,6.0,76.5
3.0,71.1,74.0,70.0,7.9,80.8
2.0,87.0,70.8,69.4,5.7,65.7
1.3,84.2,84.5,70.6,7.0,78.6
4.2,85.3,84.7,91.5,5.9,94.5
0,77.8,70.2,88.7,6.4,70.1
5.0,69.9,63.5,83.9,7.4,84.6
4.2,65.8,79.3,97.5,8.1,90.3
2.6,84.8,69.1,56.2,6.1,73.6
2.2,68.8,67.2,74.4,6.9,70.4
3.3,91.9,71.6,86.1,5.3,68.9
2.4,88.1,65.9,70.7,5.3,78.5
2.2,82.9,83.6,88.0,9.5,84.2
4.4,88.3,62.1,80.7,6.1,78.6
3.4,70.7,90.2,68.9,6.1,84.7
2.2,80.6,62.7,58.7,3.9,60.6
5.3,85.3,71.8,73.0,6.6,91.6
0.9,70.4,59.3,98.9,5.5,70.5
2.3,100,69.1,80.5,8.4,86.2
4.4,67.2,83.6,100,6.7,88.0
1.4,92.2,73.5,80.1,5.3,83.1
4.3,79.8,87.7,65.7,7.9,85.6
5.1,76.7,84.7,73.8,7.3,98.6
1.6,81.2,59.9,92.8,6.1,68.4
2.7,94.0,57.5,79.6,6.4,73.0
1.8,78.1,72.4,56.8,7.1,64.9
3.0,100,58.4,79.0,6.5,83.8
2.3,58.6,50.7,82.7,7.1,68.7
2.2,88.0,57.2,99.4,6.7,71.7
3.3,100,59.8,61.4,5.6,71.7
2.9,84.2,68.0,83.0,8.2,78.9
1.1,52.6,72.9,69.8,6.5,65.0
3.7,61.2,58.5,81.1,6.6,78.5
2.2,55.2,84.0,55.5,5.6,72.1
1.4,100,72.9,88.0,6.3,89.8
3.8,71.4,85.1,54.7,6.1,83.5
3.2,68.5,89.0,100,5.7,88.6
2.0,74.8,81.8,81.9,6.7,78.6
1.2,94.7,61.0,99.6,6.3,71.2
5.2,82.3,62.3,72.0,7.5,95.0
3.9,75.3,56.5,69.9,6.7,76.0
2.0,95.4,58.5,69.3,7.4,75.0
2.4,91.5,53.1,100,9.4,87.2
3.2,100,70.6,99.9,6.6,88.9
3.8,59.0,67.5,100,3.3,78.4
4.4,83.9,72.3,100,7.2,81.0
1.6,76.4,71.7,73.3,6.7,79.7
0,93.8,81.2,89.0,6.8,75.0
3.5,82.9,61.3,91.7,5.8,79.2
2.5,66.2,77.3,79.0,5.4,74.5
0.9,97.2,76.2,100,6.1,82.2
1.6,69.8,68.9,86.2,7.9,70.1
4.7,91.6,59.5,77.3,5.7,92.5
2.2,90.6,80.9,76.2,6.2,83.0
1.8,64.9,58.4,85.1,7.0,74.8
0.3,86.0,56.2,97.3,7.6,66.6
5.2,75.5,63.7,64.3,6.0,82.8
4.0,95.3,66.8,69.1,6.4,81.9
2.3,75.2,59.6,79.2,6.2,69.0
0.9,81.7,76.8,89.7,6.1,67.9
1.1,66.0,62.3,75.4,4.7,64.8
0.7,71.8,61.4,92.3,9.0,65.0
2.6,75.3,67.6,77.5,9.7,71.6
2.8,70.6,74.2,72.3,7.5,71.4
6.1,82.5,49.0,90.4,6.2,80.5
3.7,73.9,78.8,71.9,7.9,84.5
3.5,81.9,65.7,74.6,7.3,83.0
2.4,100,90.1,63.0,8.1,87.4
3.3,70.7,89.6,67.8,6.7,80.3
5.9,94.9,54.4,73.4,7.2,86.7
2.5,67.3,73.0,63.9,7.8,84.9
2.5,99.5,74.4,70.1,6.4,76.8
3.2,88.3,81.0,75.9,5.4,84.2
5.5,83.3,69.3,49.4,6.3,88.4
1.6,95.9,63.3,67.2,6.1,71.0
4.5,73.4,48.9,78.9,7.4,83.5
1.3,97.5,78.0,86.7,5.9,74.8
1.6,91.0,72.6,95.8,8.9,80.6
2.9,100,54.6,73.5,6.4,74.2
3.2,70.2,83.7,60.0,5.8,70.8
0.9,87.0,77.4,77.2,7.8,77.6
2.1,79.6,74.3,100,6.3,80.9
3.8,94.4,75.0,95.8,5.5,88.2
0.1,79.5,97.5,83.6,6.9,78.7
3.2,64.5,61.8,77.5,7.0,68.3
2.8,71.5,54.4,70.4,5.9,71.6
5.0,86.9,67.5,71.9,4.9,83.4
5.3,93.6,72.7,76.5,6.8,95.3
3.0,85.1,60.9,80.8,6.4,81.7
1.2,95.3,69.0,72.7,6.8,73.8
2.7,85.0,63.2,55.3,7.6,73.0
5.5,84.6,46.4,98.3,6.0,86.7
6.3,92.9,57.1,78.8,4.9,93.4
3.8,68.1,75.3,93.8,7.8,81.3
2.0,67.0,54.8,84.7,6.8,72.2
3.4,76.3,53.2,100,7.0,76.1
1.5,67.8,77.5,65.9,7.5,73.7
2.4,61.2,74.8,100,5.8,69.6
4.6,81.8,62.7,98.0,6.5,88.4
2.4,71.3,72.6,67.6,4.7,69.0
4.8,92.9,95.6,94.6,8.7,100
2.4,85.5,58.8,90.8,6.3,75.7
1.7,78.6,81.5,77.0,6.0,77.7
4.3,77.9,56.2,57.5,5.2,79.3
2.9,85.7,82.6,84.3,7.4,83.7
0.6,87.4,68.9,88.5,5.5,69.1
6.0,70.3,71.2,99.2,6.5,93.8
0,89.1,64.8,98.8,6.7,66.6
3.6,77.4,63.9,100,8.0,83.1
4.2,89.7,76.8,80.9,6.9,91.7
3.8,84.3,63.5,79.1,7.3,76.6
3.0,88.9,72.0,76.1,6.8,79.1
4.4,75.8,50.4,62.8,7.2,75.2
2.3,65.0,68.2,68.1,6.0,69.0
1.9,83.8,61.3,73.5,6.5,77.3
5.3,91.0,61.4,80.3,7.9,93.5
0.6,79.5,61.3,91.0,7.5,64.2
6.1,77.0,98.7,77.8,6.7,100
2.2,74.8,87.3,79.7,7.4,75.4
5.6,91.5,74.2,90.4,6.2,94.1
0.7,84.4,84.5,92.5,7.9,81.7
1.6,65.2,77.5,82.6,8.0,72.1
1.7,85.3,63.5,56.8,6.1,63.7
1.4,73.9,81.1,100,8.8,77.4
4.7,79.4,74.7,70.6,6.7,78.9
5.6,71.4,76.9,71.9,7.1,84.8
2.4,90.6,77.0,52.5,7.8,72.2
3.4,86.1,62.5,75.7,6.5,80.4
4.3,95.8,73.8,100,5.7,100
2.6,89.0,68.5,81.4,5.7,80.0
6.0,81.9,69.8,80.3,7.6,92.6
3.0,82.7,85.3,93.8,5.6,83.9
3.0,89.9,81.4,77.3,9.3,86.9
5.1,96.4,88.7,83.1,7.5,93.8
0.4,73.2,78.5,95.4,6.7,76.2
3.8,97.6,51.3,68.4,5.7,72.0
5.4,69.7,60.3,74.6,7.8,81.2
4.1,86.5,62.5,46.6,5.7,70.8
5.4,72.0,57.4,85.6,6.9,79.3
4.6,90.6,73.3,69.4,5.8,78.1
3.6,84.7,59.2,80.6,10,75.9
0.5,87.1,65.0,73.2,7.5,66.5
4.5,86.1,83.7,81.9,4.3,97.5
0.5,92.1,73.0,60.4,6.9,73.3
1.5,80.6,61.3,65.9,6.1,72.3
4.0,79.8,69.0,82.0,7.1,84.5
0.5,90.6,59.9,43.1,7.6,55.7
2.8,79.1,63.0,87.8,6.5,74.7
1.6,76.9,57.8,80.8,8.4,73.2
3.6,64.6,82.1,93.5,9.2,75.9
3.0,76.3,82.8,64.7,6.4,91.6
4.5,57.4,70.2,99.7,6.1,85.4
3.1,63.4,62.6,96.3,8.2,73.0
4.7,72.0,72.9,79.8,5.3,86.1
2.4,48.7,60.2,68.0,5.8,57.3
2.0,52.1,80.5,81.2,7.1,70.9
3.1,77.1,57.1,58.4,6.9,75.2
3.3,98.5,53.9,76.3,6.1,83.3
5.5,74.1,78.6,76.6,5.6,90.2
1.5,97.8,77.0,97.1,7.2,70.8
4.2,81.1,41.9,81.5,8.0,82.8
1.5,89.1,73.9,77.6,6.5,78.0
3.9,87.6,65.2,61.2,8.4,87.7
2.2,79.7,79.5,54.9,7.4,87.4
3.4,72.0,94.1,80.2,7.1,86.6
3.3,59.4,54.9,58.9,7.9,66.4
4.7,56.6,62.9,100,5.9,71.3
1.9,76.1,69.8,98.8,8.4,84.5
3.9,74.3,64.2,58.8,8.3,83.3
3.1,69.8,78.0,87.1,7.0,75.7
3.4,73.5,78.7,88.6,7.3,82.2
5.2,88.9,85.0,92.1,7.6,100
1.4,59.1,59.0,88.9,7.9,65.2
3.1,100,65.3,54.4,5.0,75.7
4.0,88.5,67.4,91.8,6.7,82.8
2.4,88.7,81.2,63.9,5.6,80.1
6.1,66.6,55.2,86.0,7.4,82.1
3.0,85.6,49.5,79.7,7.5,77.1
4.7,79.2,53.0,99.3,7.7,80.2
4.5,92.0,68.4,46.1,6.2,78.9
1.8,79.1,57.3,85.6,9.0,65.1
4.5,73.9,76.4,78.2,8.3,84.3
4.1,71.1,72.7,79.8,8.1,76.2
1.0,96.0,74.5,100,5.6,78.8
3.9,100,69.4,73.6,7.6,86.9
1.9,88.8,47.6,65.4,8.4,63.9
2.5,84.3,83.2,87.6,5.7,80.6
4.5,78.6,62.6,92.6,8.1,95.7
1.4,71.9,61.9,85.1,6.2,72.1
0,91.1,62.5,76.1,7.5,66.2
1.5,97.3,76.8,72.9,7.0,73.0
1.2,76.5,74.3,81.5,5.9,64.6
0.5,98.4,74.3,68.5,8.2,76.0
2.4,72.9,83.3,84.7,8.7,83.8
2.1,73.1,61.8,83.7,7.1,73.6
3.7,67.9,67.6,66.5,7.4,70.3
2.2,70.1,62.8,76.3,8.6,69.6
0.9,76.5,78.8,88.0,7.1,83.1
4.6,81.1,84.2,60.7,6.6,84.9
3.3,98.6,64.2,100,5.6,91.5
0.5,70.2,81.7,78.7,7.0,69.8
3.3,77.9,58.6,75.8,6.9,70.3
3.7,100,50.9,72.2,6.5,78.1
3.1,71.7,69.6,80.1,6.7,84.5
3.2,63.0,51.7,88.5,6.4,66.3
1.0,76.5,68.9,70.1,6.4,71.1
4.1,86.3,68.0,60.5,7.7,89.6
4.9,93.4,73.2,85.4,6.8,98.9
2.6,100,79.1,75.4,6.8,77.4
1.9,76.5,98.6,68.3,7.9,84.0
2.6,87.2,46.8,93.6,9.1,75.0
2.9,81.8,77.7,73.0,6.9,83.5
2.5,84.5,73.9,90.3,5.7,77.5
2.4,93.8,72.9,56.2,5.3,85.4
3.5,65.1,59.4,82.1,8.5,82.7
2.5,76.6,92.4,65.9,8.6,85.8
3.1,94.8,75.6,68.0,5.0,82.2
3.7,95.7,39.6,99.3,7.5,84.6
4.2,82.5,75.0,85.7,6.1,86.7
3.2,74.8,52.9,59.2,7.4,71.6
3.2,66.5,79.9,74.4,4.4,85.2
0.8,100,76.2,73.7,4.1,70.0
5.2,95.7,73.0,55.3,6.4,88.6
3.7,78.6,74.0,56.5,6.1,86.2
0.9,90.7,96.9,89.4,5.2,89.0
0.3,83.9,65.2,97.9,8.2,70.6
5.6,91.3,64.4,65.8,9.7,89.5
3.6,78.7,64.5,56.8,6.6,74.9
4.4,74.1,51.8,64.5,6.8,75.4
4.1,75.6,76.3,82.1,8.8,87.0
3.2,86.5,84.2,66.7,6.2,83.3
0,95.0,82.5,80.3,10,82.9
5.9,98.1,80.6,59.6,8.6,100
1.3,80.6,78.8,94.2,7.0,74.7
4.1,71.2,69.1,91.0,5.1,83.4
0.1,69.3,55.7,78.7,7.6,57.7
4.3,81.1,67.6,87.1,6.5,85.6
4.5,73.4,83.4,64.0,6.5,78.4
2.2,98.4,74.2,98.4,5.1,78.1
3.7,89.6,79.8,55.8,7.4,84.9
3.2,85.5,66.7,55.5,5.6,68.3
1.1,78.5,85.3,69.7,5.9,68.3
0.5,80.8,64.3,76.5,5.7,66.6
1.2,86.4,62.3,91.4,5.8,72.4
3.6,79.1,89.1,82.5,5.8,92.0
1.8,73.7,70.1,82.6,8.8,65.6
2.6,93.1,68.1,84.7,8.6,75.9
3.1,89.2,63.1,54.6,5.6,75.1
3.3,100,85.5,57.6,8.0,93.5
5.4,78.2,63.5,82.1,8.6,91.5
5.5,89.1,63.1,65.3,9.0,81.9
2.5,76.3,59.3,71.7,6.8,81.7
2.9,73.9,71.5,93.6,5.8,76.8
0.4,88.1,78.0,100,5.4,84.9
4.3,76.8,65.4,75.5,5.4,84.1
2.1,71.6,76.0,81.6,6.1,73.7
2.3,95.6,81.7,69.5,6.8,89.4
2.6,100,75.2,89.7,4.4,87.9
3.5,86.8,75.6,87.7,6.2,90.2
3.1,67.8,58.1,82.3,7.2,61.6
0,92.2,69.9,100,5.0,68.8
2.1,86.5,86.5,100,5.6,91.1
1.2,83.6,72.0,89.0,5.9,79.6
2.9,79.8,66.9,64.5,7.6,77.1
3.7,100,59.8,75.9,6.8,86.5
2.7,90.9,75.3,54.4,6.0,68.1
2.6,75.2,76.9,82.5,6.7,85.1
3.9,65.7,61.9,84.8,8.8,77.5
2.8,83.1,79.2,78.7,7.1,80.5
2.2,70.8,77.7,71.9,7.4,77.4
4.4,48.7,58.7,62.2,6.6,74.0
6.7,98.0,85.9,85.6,6.3,100
0,90.9,70.1,89.0,5.6,63.3
2.1,79.5,74.1,74.8,7.2,79.2
1.3,78.8,51.8,72.0,7.9,59.9
5.7,85.9,80.4,81.5,7.8,100
3.2,73.8,63.6,100,6.6,76.3
2.0,60.3,64.1,84.7,6.2,63.7
3.6,85.4,64.9,84.5,5.7,84.9
1.6,76.1,71.6,73.9,5.5,80.6
5.2,59.7,71.4,61.5,7.2,75.5
3.9,86.2,90.0,97.6,6.3,99.4
2.3,78.7,64.1,54.3,7.5,59.9
2.7,86.1,71.3,57.0,6.0,78.9
4.6,98.6,48.7,86.7,6.2,86.5
0.5,78.3,78.3,70.6,6.4,64.1
4.6,64.5,59.3,75.2,6.4,87.2
3.4,70.3,76.8,85.0,7.1,81.7
3.7,66.3,55.9,73.8,5.5,74.5
5.8,94.4,75.2,84.9,6.0,91.0
3.8,62.7,73.5,77.9,7.7,80.3
3.2,73.2,49.8,75.0,7.6,75.0
5.0,68.4,59.0,90.2,6.3,94.3
3.5,62.3,63.5,100,4.7,76.2
1.0,98.7,64.8,64.9,4.8,65.2
0,74.5,95.6,81.4,6.5,68.6
3.5,74.5,60.1,100,7.3,74.9
5.2,79.4,75.9,82.2,8.2,95.5
2.5,88.4,65.4,82.0,8.7,73.6
1.5,75.3,64.1,99.0,4.9,81.2
5.3,74.7,72.2,74.7,7.6,91.9
4.1,89.0,92.7,77.5,7.6,94.6
3.1,82.6,69.4,85.1,5.8,79.0
2.1,66.3,61.7,72.7,6.6,59.3
2.6,66.8,60.4,82.8,8.1,72.9
2.3,74.9,85.7,56.2,8.1,70.9
2.1,80.5,67.4,100,7.4,77.2
4.4,80.4,60.5,96.4,8.6,91.7
1.3,100,65.1,91.2,8.2,88.7
0.6,68.0,83.9,87.2,6.4,57.2
3.6,77.8,39.3,100,3.9,66.8
3.0,82.7,78.9,76.1,5.7,80.0
0,66.9,93.2,69.9,6.7,79.1
4.5,81.4,78.6,76.0,5.7,92.9
3.2,98.8,66.9,74.5,7.2,81.9
2.5,69.5,73.0,84.7,9.0,77.6
0.4,85.5,96.9,73.5,5.9,76.9
0,76.1,67.8,57.8,7.5,56.5
0.3,71.6,77.5,100,8.3,72.8
2.2,76.9,81.4,72.4,7.3,83.1
1.7,73.1,75.3,80.1,6.7,70.8
2.9,100,86.0,56.3,6.9,86.9
3.1,63.8,68.5,82.2,6.0,76.0
0,62.3,71.2,85.7,6.6,59.9
3.3,92.7,80.6,78.8,6.3,92.3
3.8,90.4,66.7,67.4,7.0,79.0
4.7,90.0,44.3,89.8,8.4,86.6
2.3,69.9,81.4,94.9,6.9,74.5
0.8,83.1,60.3,70.0,7.3,70.0
0,72.1,85.3,79.4,6.4,72.3
1.3,65.6,70.3,100,8.0,71.7
4.5,75.2,56.1,55.4,7.1,79.9
3.5,79.6,65.3,96.0,6.7,74.5
5.0,72.4,74.6,80.1,8.0,90.1
4.8,82.5,64.6,72.5,7.6,81.0
4.4,77.2,59.1,67.2,6.6,86.8
4.1,80.2,59.3,100,6.5,82.4
2.4,95.7,72.1,73.3,7.0,75.3
1.4,78.1,36.1,97.3,9.1,56.7
2.8,61.4,72.0,83.1,7.7,68.8
2.1,72.4,67.1,100,6.6,74.5
2.3,89.4,100,97.1,8.6,88.9
4.6,80.3,84.8,95.6,7.6,86.9
3.2,74.1,75.3,80.6,8.0,73.7
1.9,79.1,73.8,74.1,6.8,74.7
4.5,78.7,72.9,53.3,3.7,72.9
3.5,52.9,74.8,78.6,6.8,72.5
2.4,89.8,74.2,79.6,6.2,80.9
4.8,79.8,65.7,62.6,6.9,78.2
0.9,90.3,62.6,50.0,6.0,73.0
2.8,64.4,57.0,90.6,7.3,72.0
2.7,85.7,88.2,87.2,6.6,80.3
3.7,98.5,77.6,61.5,7.0,93.5
2.1,85.8,84.3,100,4.9,75.0
3.6,88.3,65.8,79.7,6.3,87.5
0,83.0,54.9,70.0,5.0,52.7
3.0,80.3,91.1,76.7,7.2,89.0
3.4,97.3,71.6,82.2,6.7,86.0
2.9,91.8,70.2,81.0,6.7,85.3
2.3,91.1,63.2,90.2,9.1,80.4
2.9,66.1,78.7,80.2,7.9,76.2
3.8,100,74.8,75.2,5.3,87.5
4.0,87.1,56.8,64.8,5.6,71.7
2.6,83.1,92.8,82.9,8.5,80.7
5.3,89.4,75.2,92.2,7.5,100
4.2,59.4,49.3,100,6.7,80.4
2.5,72.2,65.9,84.7,7.0,70.9
3.8,87.3,59.1,63.5,4.5,74.2
3.0,71.8,62.9,78.0,6.8,76.6
4.2,85.2,83.3,65.7,7.5,91.2
1.5,72.0,75.3,81.1,5.3,68.5
5.3,90.0,71.0,100.0,5.7,93.5
4.4,76.0,56.7,88.7,8.7,69.2
3.2,65.2,66.5,59.1,9.9,70.7
3.1,71.6,58.3,73.3,7.0,80.4
3.4,98.6,57.4,81.1,6.3,72.4
8.5,77.1,72.9,68.8,6.1,96.8
4.5,75.2,68.3,82.7,5.3,84.2
2.7,85.3,65.4,80.6,7.4,82.4
2.0,91.5,58.3,77.2,7.0,73.1
0,68.4,67.8,93.7,6.0,70.5
0.3,80.9,76.4,80.3,7.1,74.5
1.8,87.0,82.6,76.5,4.1,71.8
1.7,67.5,75.1,68.1,9.7,75.4
1.1,76.6,88.1,90.1,5.6,82.4
2.3,100,63.5,88.8,7.5,77.9
2.8,93.7,75.9,79.1,7.3,92.7
4.4,85.6,73.9,56.8,7.0,82.5
4.1,72.8,75.3,64.4,7.9,79.2
3.0,86.8,66.2,80.1,8.1,88.9
0.3,69.3,78.0,93.9,6.2,69.4
2.7,100,67.6,62.4,5.0,71.2
4.9,75.4,93.1,89.5,7.3,100
4.2,90.9,58.4,71.7,6.2,81.2
2.6,65.4,61.8,100,9.3,71.0
3.6,79.6,60.0,90.6,6.7,87.3
3.7,76.3,38.6,78.5,7.8,65.7
4.3,88.1,49.1,77.1,7.2,82.1
3.2,79.8,65.9,75.7,6.8,72.3
4.0,76.1,76.2,72.5,7.3,84.8
4.3,85.5,81.1,77.5,6.7,88.9
1.1,78.5,82.9,91.4,5.8,77.6
4.1,63.9,74.1,84.9,7.7,84.2
0.4,56.1,93.5,74.2,8.3,77.2
3.1,66.5,86.2,79.5,7.4,85.3
4.4,92.0,53.2,59.2,7.0,78.6
4.2,78.4,67.9,100,8.4,93.1
4.5,70.7,69.0,79.0,5.5,77.5
3.2,65.6,76.4,87.0,6.5,77.9
3.9,85.7,74.3,61.9,4.9,92.0
2.0,75.7,48.4,68.2,5.9,66.2
0,63.4,65.1,72.7,5.9,55.3
0.7,83.2,84.2,82.3,6.2,81.2
3.7,67.8,63.2,71.0,6.7,80.9
2.0,78.3,71.3,62.4,6.2,74.4
4.7,57.9,78.4,75.7,8.3,88.0
5.9,83.7,65.3,67.7,5.1,90.6
3.8,89.7,74.2,57.9,6.3,81.7
3.2,89.0,86.8,84.2,4.4,82.5
0,71.0,55.8,83.5,6.5,63.3
4.6,74.6,81.2,80.2,7.3,96.3
1.3,79.2,88.2,68.8,7.1,77.6
2.4,64.6,61.9,65.5,8.1,69.2
4.0,66.0,75.9,82.1,8.0,80.0
4.2,96.1,91.4,66.3,5.5,86.6
4.4,87.0,74.1,67.3,8.3,95.8
2.9,78.6,84.1,87.5,8.4,84.2
3.5,76.0,63.3,75.6,6.5,79.1
2.6,80.8,60.4,62.0,8.5,67.3
5.7,91.1,42.9,70.6,6.3,81.3
2.7,72.9,84.9,78.1,7.9,79.0
2.0,95.7,66.7,63.9,6.6,79.6
2.8,71.6,77.6,94.4,6.6,79.4
2.5,100,67.8,100,6.6,85.6
0,82.1,70.6,75.4,6.3,58.4
0.8,82.0,62.4,78.7,6.6,63.7
1.9,100,56.9,72.5,6.5,66.7
1.6,90.1,81.1,81.9,10,86.5
4.8,70.4,82.9,100,6.4,100
1.8,66.7,69.5,68.2,7.6,63.5
3.1,57.1,69.6,95.4,6.5,77.1
4.6,67.1,55.0,81.2,7.1,76.0
1.6,94.2,56.3,76.2,6.8,73.7
2.3,70.4,93.9,67.6,7.7,81.1
2.3,79.5,67.0,84.6,3.8,72.6
3.1,68.6,65.4,100,9.0,82.6
3.3,76.4,86.5,73.5,5.8,87.6
1.6,70.7,87.2,56.5,6.7,74.2
3.4,62.9,67.4,75.1,9.1,81.4
1.9,90.2,77.8,78.4,6.5,77.8
0.7,72.6,81.1,100,9.0,74.1
3.9,51.8,66.9,61.5,7.8,64.6
1.5,67.1,74.7,92.3,5.7,80.6
3.2,70.2,74.2,79.8,7.8,81.5
6.2,93.7,62.5,91.5,7.7,91.3
1.9,70.6,40.8,89.3,6.5,67.1
2.2,80.9,78.7,94.2,7.2,76.4
6.3,90.2,86.2,100,8.5,100
3.7,87.4,52.3,91.9,5.7,79.8
1.5,88.4,64.3,100,7.0,77.7
1.7,76.6,69.4,75.8,6.3,66.7
4.1,75.5,60.4,85.4,5.8,78.1
2.3,69.2,67.4,68.0,5.3,70.8
2.6,62.9,65.4,82.7,7.3,73.7
3.4,87.0,64.2,68.3,7.5,77.0
3.0,87.6,81.2,97.9,6.0,85.6
3.8,63.3,55.2,88.9,6.1,68.7
4.2,86.2,80.9,75.2,6.5,87.6
3.5,56.3,61.9,90.4,5.9,72.6
3.2,86.1,64.5,63.5,9.8,75.6
5.5,59.5,71.4,77.2,9.0,96.9
4.5,68.2,60.6,69.0,6.2,78.1
1.9,77.1,87.5,100,4.6,76.9
2.5,95.1,66.2,100,7.2,89.2
1.7,76.4,82.1,88.3,4.6,75.2
3.3,87.4,62.6,100,7.0,89.4
3.6,81.0,66.4,63.0,7.8,82.4
4.4,75.6,58.3,74.5,6.4,78.3
4.5,69.4,64.4,90.1,7.9,93.9
3.8,70.2,57.9,68.5,6.9,74.8
2.9,72.9,68.0,78.9,7.5,76.7
1.8,66.4,87.6,78.8,6.6,76.7
4.7,76.4,72.2,76.6,7.5,81.7
3.3,92.0,84.1,89.0,7.2,98.2
4.1,96.3,56.0,64.1,7.8,79.5
2.4,69.0,87.6,62.7,6.9,71.3
2.8,100,98.8,72.9,5.6,100
1.8,59.3,74.2,64.4,5.1,71.8
1.9,67.7,72.1,77.3,8.1,72.9
5.4,93.2,91.1,96.3,6.9,100
3.1,61.9,56.3,90.8,4.0,64.8
1.1,79.3,58.0,83.7,6.6,63.5
1.8,54.2,71.0,61.3,6.5,66.2
4.6,88.2,87.6,59.4,7.6,100
3.6,67.2,74.9,72.5,6.1,83.9
2.8,67.0,62.2,100,5.8,77.1
3.3,93.6,66.9,66.3,6.1,74.9
6.8,82.3,66.4,98.3,7.6,97.7
3.9,83.2,83.4,100,6.5,91.8
2.8,94.2,74.7,91.4,7.9,83.0
3.2,96.1,81.0,91.8,6.5,88.1
1.8,76.9,69.4,59.3,8.2,66.9
3.4,87.0,63.7,53.8,8.0,79.0
2.7,93.2,80.7,66.2,6.7,74.5
2.6,96.4,60.4,92.0,5.1,76.4
4.4,100.0,75.5,91.0,8.8,83.9
0.5,100,99.1,88.7,6.9,87.0
3.1,72.9,70.0,78.2,7.6,81.3
4.5,86.9,58.8,100,3.7,84.0
3.5,73.9,92.1,64.2,5.5,82.7
3.6,89.3,71.5,89.7,6.0,82.5
3.2,64.4,72.4,74.3,7.6,71.8
2.3,73.5,65.9,65.6,6.5,63.6
3.8,87.8,70.0,77.3,5.8,78.7
2.7,69.5,56.5,82.5,6.8,68.0
1.8,79.4,62.1,73.8,7.0,73.0
4.1,73.0,84.3,63.3,6.6,91.5
6.5,81.5,66.0,74.6,5.4,90.8
2.4,71.3,84.1,68.8,8.8,83.7
4.0,73.2,64.3,51.1,7.1,74.1
3.6,72.3,75.9,58.4,4.3,79.1
4.6,43.5,85.1,75.0,6.6,74.7
1.6,88.3,61.6,79.5,6.6,80.7
4.3,64.7,64.6,63.4,5.2,71.7
4.6,80.6,78.0,78.1,6.3,89.2
2.9,100,91.0,85.5,7.5,83.7
2.8,100,60.9,91.8,8.2,80.4
2.7,74.7,79.4,80.4,8.6,87.3
3.0,100,66.6,71.2,6.5,76.8
2.4,79.2,80.5,57.1,5.2,71.8
2.6,85.3,61.0,100,6.2,76.3
3.1,93.6,73.6,80.4,6.2,84.6
3.6,76.0,69.9,53.3,6.2,81.8
5.1,79.2,45.1,100,6.6,93.5
2.4,91.7,63.0,100.0,8.2,75.3
4.9,100,67.6,62.4,7.1,87.2
0.9,67.8,73.0,57.9,8.1,67.6
2.8,96.3,59.4,90.0,5.2,76.5
3.9,73.8,68.8,89.5,8.6,90.1
3.7,77.0,53.4,100,9.0,69.0
4.3,79.5,78.3,84.6,6.6,88.5
3.0,93.6,67.1,72.1,7.6,83.8
3.6,83.3,87.2,96.2,7.1,91.0
4.0,58.2,64.1,69.7,7.0,72.4
6.6,88.6,74.8,100,6.8,100
4.8,89.7,80.8,97.6,6.4,92.9
2.0,81.2,81.7,64.7,6.2,70.1
5.9,89.3,72.6,62.3,5.6,88.6
3.1,65.2,67.5,97.8,6.8,77.8
0,76.8,68.4,69.9,5.2,60.9
1.5,73.6,51.7,78.6,7.9,59.9
3.5,62.3,76.8,87.9,6.4,84.7
1.7,80.6,89.5,79.7,5.5,85.6
3.8,76.8,49.1,52.5,5.1,75.1
3.4,70.1,83.4,100,5.8,88.2
0.6,84.4,91.0,59.4,6.9,71.5
2.9,81.0,73.3,93.0,7.4,87.6
4.5,92.9,62.3,86.0,6.4,82.3
5.8,83.4,70.6,49.2,6.5,91.5
2.7,73.6,87.1,75.4,6.4,81.3
2.7,92.3,76.7,79.0,6.4,81.8
5.4,76.4,77.6,56.9,7.2,92.1
4.8,83.7,76.8,84.7,8.0,100
3.3,70.5,77.0,78.4,7.5,84.8
3.2,74.9,73.6,61.8,7.1,73.2
3.7,81.4,67.6,62.4,6.9,75.6
2.8,88.1,81.1,61.2,7.9,89.2
4.6,83.2,69.1,100,6.4,81.8
3.1,83.4,58.2,62.2,9.1,75.2
4.1,73.2,52.7,77.4,8.4,72.9
0.4,78.0,66.9,80.2,5.6,63.1
2.2,90.3,71.9,92.8,6.8,70.2
0.2,86.3,80.2,92.8,6.7,65.1
2.3,84.7,86.0,75.0,6.2,78.4
4.5,90.2,49.2,97.8,5.8,74.6
0.7,71.5,96.7,100,5.4,75.7
3.2,84.9,64.6,56.8,6.3,71.7
0.4,81.7,53.3,54.6,8.6,63.2
5.1,81.4,65.4,78.7,5.2,89.0
3.4,76.4,48.7,78.4,8.7,79.7
4.3,75.9,71.7,88.1,7.0,90.9
2.1,52.8,42.3,66.7,5.2,57.0
4.6,80.0,76.3,81.1,7.0,86.7
2.4,94.0,67.1,79.4,8.2,84.4
2.5,83.0,58.5,81.9,7.2,73.4
3.3,84.3,41.1,67.9,6.9,65.7
1.6,77.2,88.6,76.7,6.1,76.0
1.3,85.7,58.8,93.4,7.9,73.9
4.5,79.0,49.9,79.1,7.5,70.3
1.3,92.8,75.2,99.8,7.6,80.5
3.6,90.0,69.8,76.9,7.2,82.4
6.5,71.0,52.7,61.1,8.0,81.7
3.2,77.5,73.3,58.7,6.9,74.6
4.6,87.3,55.6,65.8,7.5,86.5
4.1,78.2,83.0,45.4,6.2,78.2
1.5,86.6,73.3,84.2,6.7,78.7
4.1,73.3,81.0,66.4,8.8,79.8
2.6,67.3,70.6,99.3,5.9,85.1
5.1,84.5,63.4,93.3,3.5,82.5
4.4,79.5,98.9,70.1,5.3,92.9
3.9,100,49.8,82.3,8.3,78.2
2.4,65.8,79.0,92.2,7.5,79.9
4.5,78.6,78.5,92.0,8.3,94.3
3.1,88.3,52.2,54.1,8.7,72.7
1.5,73.2,68.4,81.1,5.9,74.2
0.5,100,57.6,100,7.6,63.1
1.2,80.7,73.3,73.8,6.8,72.2
1.4,80.7,96.7,70.5,5.6,83.5
5.0,92.3,62.8,78.9,7.1,87.2
3.6,92.8,76.6,79.8,6.6,96.1
1.2,100,78.8,81.3,5.9,87.9
4.8,90.8,94.6,53.5,6.9,94.2
2.0,80.9,76.5,87.8,6.7,71.8
3.8,87.2,95.1,93.8,6.8,90.8
7.0,72.0,72.5,91.1,7.4,100
1.5,71.8,72.2,61.8,6.1,74.6
3.5,78.8,63.4,80.7,6.8,73.0
4.2,64.9,85.3,75.0,4.1,76.1
3.4,69.7,91.5,100,9.3,96.2
5.0,72.8,85.6,73.5,6.8,84.7
3.1,84.8,69.4,63.6,7.9,83.3
2.9,89.3,81.9,65.4,6.8,74.2
1.5,85.1,59.7,85.8,7.2,60.3
2.3,98.1,70.3,81.8,6.0,72.1
0.7,100,68.0,67.0,6.9,61.3
5.1,100,61.2,84.8,5.7,94.0
1.8,78.3,85.7,87.8,6.4,72.7
0.6,94.3,76.3,80.9,8.3,76.3
1.9,78.8,69.0,79.8,9.8,78.5
3.4,77.0,62.0,65.2,4.6,70.5
0.7,57.9,58.9,49.7,8.5,61.6
1.6,100,78.1,42.3,6.8,70.2
0.4,76.9,84.0,86.7,5.1,68.4
1.9,93.7,69.0,65.3,5.7,64.1
1.8,90.7,47.2,82.9,6.7,71.5
1.3,90.9,88.8,100,4.9,82.9
2.7,81.5,58.2,92.9,9.6,84.9
1.6,73.1,78.9,82.0,5.9,80.2
3.8,92.3,68.0,99.2,6.3,81.7
3.0,63.2,85.2,91.0,4.8,81.7
4.3,75.7,75.1,71.2,6.7,83.9
3.7,68.4,56.5,84.9,6.2,76.6
2.3,64.2,79.0,84.0,7.7,75.1
2.5,95.2,49.7,100,7.4,75.6
3.1,87.3,60.8,84.2,5.7,68.0
3.3,81.2,77.9,88.4,7.7,89.7
1.4,94.6,100,71.5,5.3,88.4
4.4,92.2,88.6,59.2,7.3,95.3
4.9,69.3,70.3,74.4,6.6,83.2
2.8,58.7,69.6,81.0,6.3,54.5
2.0,72.1,59.6,100,7.9,71.3